<application>
  <component name="RainbowSettings">
    <option name="doNOTRainbowifyTemplateString" value="true" />
    <option name="doNOTRainbowifyTheFirstLevel" value="true" />
    <option name="enableRainbowVariables" value="true" />
    <option name="enableRainbowVariablesBySemanticHighlighting" value="true" />
    <option name="indentGuidesOptions" value="Only selected indent guide" />
    <option name="rainbowifyTagNameInXML" value="true" />
    <option name="version" value="2024.2.1" />
  </component>
</application>